path,n,analysts,decision,id,action
../0 photos/photos/2016 Bangarang/2016-07-05_9413.JPG,2,EOM-EOM2,MATCH-MATCH,ex003R.JPG-ex003R.JPG,MATCH
../0 photos/photos/2016 Bangarang/2016-08-27_4153.JPG,2,EOM-EOM2,MATCH-MATCH,ex001L.JPG-ex001L.JPG,MATCH
../0 photos/photos/2016 Bangarang/2016-09-10_9989.JPG,4,EOM-EOM-EOM2-EOM2,MATCH,ex002L.png,MATCH
../0 photos/photos/2016 Bangarang/2016-06-07_5997.JPG,2,EOM-EOM2,NEW-NEW,NA-NA,NEW
../0 photos/photos/2016 Bangarang/2016-07-12_9490.JPG,2,EOM-EOM2,NEW-NEW,NA-NA,NEW
