setting,value,default,detail
Use defaults only,TRUE,TRUE,Options: TRUE or FALSE; Useful in case you can't get specific settings to work
Start index,4,all,Set to 'all' for including all;  useful if wishing to test out printing press quickly or produce PDF in chunks
End Index ,12,all,
Image compression (to control file size),0.3,0.3,.1=full compression and lowest file size; 1=no compression and largest file size
Features to include,L,L-R,Max. 2 features; Separate features by hyphen
How to sort IDs,id,id,Choose the column in the catalog key to use to sort.
Include times seen,TRUE,TRUE,Options: TRUE or FALSE; if this catalog is to be distributed to the public you may not want too many details to be included.
Include years seen,TRUE,TRUE,Options: TRUE or FALSE; if this catalog is to be distributed to the public you may not want too many details to be included.
Include platforms from which whales are seen,TRUE,TRUE,Options: TRUE or FALSE; if this catalog is to be distributed to the public you may not want too many details to be included.